x,u_initial,u
0,1,1
0.05,1,1
0.1,1,1
0.15,1,1
0.2,1,1
0.25,1,1
0.3,1,1
0.35,1,1
0.4,1,1
0.45,1,1
0.5,2,1
0.55,2,1
0.6,2,1.00001
0.65,2,1.00008
0.7,2,1.00046
0.75,2,1.00204
0.8,2,1.00732
0.85,2,1.02164
0.9,2,1.05388
0.95,2,1.11476
1,2,1.21218
1.05,1,1.34502
1.1,1,1.5
1.15,1,1.65497
1.2,1,1.78774
1.25,1,1.88478
1.3,1,1.94409
1.35,1,1.97104
1.4,1,1.97104
1.45,1,1.94409
1.5,1,1.88478
1.55,1,1.78774
1.6,1,1.65497
1.65,1,1.5
1.7,1,1.34502
1.75,1,1.21218
1.8,1,1.11476
1.85,1,1.05388
1.9,1,1.02164
1.95,1,1.00732
2,1,1.00204
